INSERT INTO Consulta (paciente_id, dentista_id, data_consulta) VALUES
(1, 1, '2024-09-10 10:00:00'),
(2, 2, '2024-09-11 11:00:00'),
(3, 3, '2024-09-12 09:00:00'),
(4, 4, '2024-09-13 14:00:00'),
(5, 5, '2024-09-14 15:00:00'),
(6, 6, '2024-09-15 08:00:00'),
(7, 7, '2024-09-16 13:00:00'),
(8, 8, '2024-09-17 16:00:00'),
(9, 9, '2024-09-18 12:00:00'),
(10, 10, '2024-09-19 17:00:00');
INSERT INTO Tratamento (consulta_id, descricao, data_inicio, data_fim) VALUES
(1, 'Limpeza e Poliamento', '2024-09-10', '2024-09-10'),
(2, 'Tratamento de Canal', '2024-09-11', '2024-09-25'),
(3, 'Aplicação de Flúor', '2024-09-12', '2024-09-12'),
(4,  'Extração de Dente', '2024-09-13', '2024-09-13'),
(5, 'Colocação de Aparelho', '2024-09-14', '2024-12-14'),
(6, 'Implante Dentário', '2024-09-15', '2024-10-15'),
(7, 'Clareamento Dentário', '2024-09-16', '2024-09-16'),
(8, 'Proótese Paecial', '2024-09-17', '2024-10-17'),
(9, 'Tratamento de Gengiva', '2024-09-18', '2024-09-25'),
(10, 'Reparo de Prótese', '2024-09-19', '2024-09-19');
INSERT INTO Procedimento (nome, custo) VALUES
('Limpeza Dental', 150.00),
('Tratamento de Canal', 800.00),
('Aplicação de Flúor', 100.00),
('Extração de Dente', 200.00),
('Colocação de Aparelho', 1500.00), 
('Implante Dentário', 2000.00), 
('Clareamento Dental', 500.00), 
('Proótese Parcial', 1200.00), 
('Tratamento de Gengiva', 300.00), 
('Reparo de Prótese', 250.00);
INSERT INTO Procedimento (nome, custo) VALUES
('Limpeza Dental', 150.00),
('Tratamento de Canal', 800.00),
('Aplicação de Flúor', 100.00),
('Extração de Dente', 200.00),
('Colocação de Aparelho', 1500.00), 
('Implante Dentário', 2000.00), 
('Clareamento Dental', 500.00), 
('Proótese Parcial', 1200.00), 
('Tratamento de Gengiva', 300.00), 
('Reparo de Prótese', 250.00);